<?xml version="1.0" encoding="UTF-8"?>
<project-private xmlns="http://www.netbeans.org/ns/project-private/1">
    <editor-bookmarks xmlns="http://www.netbeans.org/ns/editor-bookmarks/2" lastBookmarkId="0"/>
    <open-files xmlns="http://www.netbeans.org/ns/projectui-open-files/2">
        <group>
            <file>file:/home/joe/Desktop/compsci-161/CSCI-161-Lab05/src/ArrayQueue.java</file>
            <file>file:/home/joe/Desktop/compsci-161/CSCI-161-Lab05/src/SinglyLinkedList.java</file>
            <file>file:/home/joe/Desktop/compsci-161/CSCI-161-Lab05/src/Client.java</file>
            <file>file:/home/joe/Desktop/compsci-161/CSCI-161-Lab05/src/LinkedQueue.java</file>
            <file>file:/home/joe/Desktop/compsci-161/CSCI-161-Lab05/src/Queue.java</file>
        </group>
    </open-files>
</project-private>
