<?xml version="1.0" encoding="UTF-8"?>
<project-private xmlns="http://www.netbeans.org/ns/project-private/1">
    <editor-bookmarks xmlns="http://www.netbeans.org/ns/editor-bookmarks/2" lastBookmarkId="0"/>
    <open-files xmlns="http://www.netbeans.org/ns/projectui-open-files/2">
        <group>
            <file>file:/home/joey/github/special-lamp/csci-161/Lab-107/src/Client.java</file>
            <file>file:/home/joey/github/special-lamp/csci-161/Lab-107/src/Suit.java</file>
            <file>file:/home/joey/github/special-lamp/csci-161/Lab-107/src/CardHand.java</file>
            <file>file:/home/joey/github/special-lamp/csci-161/Lab-107/src/Position.java</file>
            <file>file:/home/joey/github/special-lamp/csci-161/Lab-107/src/PositionalList.java</file>
            <file>file:/home/joey/github/special-lamp/csci-161/Lab-107/src/Card.java</file>
            <file>file:/home/joey/github/special-lamp/csci-161/Lab-107/src/Rank.java</file>
            <file>file:/home/joey/github/special-lamp/csci-161/Lab-107/src/LinkedPositionalList.java</file>
        </group>
    </open-files>
</project-private>
