<?xml version="1.0" encoding="UTF-8"?>
<project-private xmlns="http://www.netbeans.org/ns/project-private/1">
    <editor-bookmarks xmlns="http://www.netbeans.org/ns/editor-bookmarks/2" lastBookmarkId="0"/>
    <open-files xmlns="http://www.netbeans.org/ns/projectui-open-files/2">
        <group>
            <file>file:/home/joey/github/special-lamp/csci-161/csci-161-Lab-6/src/DoubleStack.java</file>
            <file>file:/home/joey/github/special-lamp/csci-161/csci-161-Lab-6/src/Client.java</file>
            <file>file:/home/joey/github/special-lamp/csci-161/csci-161-Lab-6/src/ArrayDoubleStack.java</file>
        </group>
    </open-files>
</project-private>
